,id_season,tm,opp,game_nb,before_average_W_ratio,before_average_W_ratio_opp,extdom_ext,id,results
0,2011,ATL,PHI,2,1.0,0.0,1.0,2010-10-29_ATL_PHI,1
1,2011,ATL,CLE,4,1.0,0.3333333333333333,1.0,2010-11-02_ATL_CLE,1
2,2015,PHI,BRK,35,0.1470588235294117,0.4571428571428571,1.0,2015-01-09_PHI_BRK,1
3,2011,ATL,DET,5,1.0,0.0,0.0,2010-11-03_DET_ATL,1
4,2011,ATL,MIN,6,1.0,0.2,1.0,2010-11-05_ATL_MIN,1
5,2011,ATL,MIL,9,0.75,0.375,0.0,2010-11-10_MIL_ATL,0
6,2011,ATL,UTA,10,0.6666666666666666,0.625,0.0,2010-11-12_UTA_ATL,0
7,2011,ATL,MIN,11,0.6,0.3,0.0,2010-11-14_MIN_ATL,1
8,2015,PHI,TOR,38,0.1891891891891892,0.6756756756756757,1.0,2015-01-14_PHI_TOR,0
9,2011,ATL,BOS,14,0.6153846153846154,0.6923076923076923,0.0,2010-11-22_BOS_ATL,0
10,2011,ATL,NJN,15,0.5714285714285714,0.3076923076923077,1.0,2010-11-23_ATL_NJN,0
11,2011,ATL,WAS,16,0.5333333333333333,0.3846153846153846,0.0,2010-11-25_WAS_ATL,1
12,2015,PHI,NOP,39,0.1842105263157894,0.5,0.0,2015-01-16_NOP_PHI,1
13,2011,ATL,NYK,17,0.5625,0.5,1.0,2010-11-27_ATL_NYK,1
14,2011,ATL,TOR,18,0.5882352941176471,0.375,1.0,2010-11-28_ATL_TOR,1
15,2015,PHI,DET,40,0.2051282051282051,0.375,1.0,2015-01-17_PHI_DET,0
16,2011,ATL,MEM,19,0.6111111111111112,0.4444444444444444,0.0,2010-12-01_MEM_ATL,1
17,2015,PHI,WAS,41,0.2,0.6829268292682927,1.0,2015-01-19_PHI_WAS,0
18,2011,ATL,NJN,23,0.6363636363636364,0.2857142857142857,0.0,2010-12-07_NJN_ATL,1
19,2011,ATL,SAS,24,0.6521739130434783,0.8571428571428571,1.0,2010-12-10_ATL_SAS,0
20,2011,ATL,IND,25,0.625,0.5238095238095238,0.0,2010-12-11_IND_ATL,1
21,2015,PHI,NYK,42,0.1951219512195122,0.1428571428571428,0.0,2015-01-21_NYK_PHI,0
22,2011,ATL,BOS,27,0.6153846153846154,0.8333333333333334,1.0,2010-12-16_ATL_BOS,0
23,2015,PHI,TOR,43,0.1904761904761904,0.6428571428571429,0.0,2015-01-23_TOR_PHI,0
24,2011,ATL,CHA,28,0.5925925925925926,0.36,0.0,2010-12-17_CHA_ATL,1
25,2011,ATL,NJN,29,0.6071428571428571,0.2592592592592592,1.0,2010-12-19_ATL_NJN,0
26,2015,PHI,MEM,44,0.1860465116279069,0.7142857142857143,1.0,2015-01-24_PHI_MEM,0
27,2011,ATL,ORL,30,0.5862068965517241,0.6153846153846154,0.0,2010-12-20_ORL_ATL,1
28,2011,ATL,CLE,31,0.6,0.2857142857142857,0.0,2010-12-22_CLE_ATL,1
29,2015,PHI,MIN,47,0.1956521739130435,0.1777777777777777,0.0,2015-01-30_MIN_PHI,1
30,2011,ATL,NOH,32,0.6129032258064516,0.5862068965517241,1.0,2010-12-26_ATL_NOH,0
31,2015,PHI,CLE,49,0.2083333333333333,0.5918367346938775,1.0,2015-02-02_PHI_CLE,0
32,2011,ATL,GSW,34,0.6060606060606061,0.4,0.0,2010-12-29_GSW_ATL,1
33,2015,PHI,DEN,50,0.2040816326530612,0.3958333333333333,0.0,2015-02-03_DEN_PHI,1
34,2015,PHI,BOS,51,0.22,0.375,1.0,2015-02-06_PHI_BOS,0
35,2011,ATL,OKC,35,0.6176470588235294,0.6666666666666666,1.0,2010-12-31_ATL_OKC,0
36,2015,PHI,GSW,53,0.2307692307692307,0.8163265306122449,0.0,2015-02-09_GSW_PHI,0
37,2011,ATL,LAC,36,0.6,0.303030303030303,1.0,2011-01-02_ATL_LAC,1
38,2015,PHI,ORL,55,0.2222222222222222,0.3157894736842105,1.0,2015-02-22_PHI_ORL,0
39,2011,ATL,TOR,40,0.6410256410256411,0.3513513513513513,1.0,2011-01-12_ATL_TOR,1
40,2015,PHI,MIA,56,0.2181818181818181,0.4259259259259259,1.0,2015-02-23_PHI_MIA,0
41,2015,PHI,MIL,57,0.2142857142857142,0.5535714285714286,1.0,2015-02-25_PHI_MIL,0
42,2011,ATL,SAC,42,0.6341463414634146,0.2368421052631578,0.0,2011-01-17_SAC_ATL,1
43,2015,PHI,WAS,58,0.2105263157894736,0.5689655172413793,0.0,2015-02-27_WAS_PHI,1
44,2015,PHI,IND,59,0.2241379310344827,0.4137931034482758,1.0,2015-03-01_PHI_IND,0
45,2011,ATL,NOH,44,0.6511627906976745,0.627906976744186,0.0,2011-01-21_NOH_ATL,0
46,2011,ATL,CHA,45,0.6363636363636364,0.4146341463414634,1.0,2011-01-22_ATL_CHA,1
47,2015,PHI,TOR,60,0.2203389830508474,0.6271186440677966,0.0,2015-03-02_TOR_PHI,0
48,2015,PHI,UTA,62,0.2131147540983606,0.4,0.0,2015-03-06_UTA_PHI,0
49,2011,ATL,NYK,47,0.6304347826086957,0.5333333333333333,0.0,2011-01-28_NYK_ATL,1
50,2011,ATL,DAL,48,0.6382978723404256,0.6666666666666666,1.0,2011-01-29_ATL_DAL,0
51,2015,PHI,ATL,63,0.2096774193548387,0.8032786885245902,0.0,2015-03-07_ATL_PHI,1
52,2011,ATL,TOR,49,0.625,0.2653061224489796,0.0,2011-02-02_TOR_ATL,1
53,2015,PHI,CHI,64,0.2222222222222222,0.6,0.0,2015-03-11_CHI_PHI,0
54,2011,ATL,LAC,50,0.6326530612244898,0.3958333333333333,0.0,2011-02-04_LAC_ATL,1
55,2011,ATL,PHI,52,0.6470588235294118,0.46,0.0,2011-02-08_PHI_ATL,0
56,2015,PHI,BRK,66,0.2307692307692307,0.3968253968253968,0.0,2015-03-14_BRK_PHI,0
57,2015,PHI,BOS,67,0.2272727272727272,0.4461538461538462,1.0,2015-03-16_PHI_BOS,0
58,2011,ATL,DET,54,0.6226415094339622,0.3636363636363636,1.0,2011-02-14_ATL_DET,1
59,2015,PHI,DET,68,0.2238805970149253,0.3582089552238806,0.0,2015-03-18_DET_PHI,1
60,2011,ATL,PHO,57,0.6071428571428571,0.5,1.0,2011-02-23_ATL_PHO,0
61,2015,PHI,LAL,70,0.2463768115942029,0.2537313432835821,1.0,2015-03-22_PHI_LAL,0
62,2015,PHI,SAC,71,0.2428571428571428,0.3478260869565217,1.0,2015-03-24_PHI_SAC,0
63,2011,ATL,CHI,61,0.6,0.7068965517241379,0.0,2011-03-02_CHI_ATL,1
64,2015,PHI,CLE,74,0.2465753424657534,0.6351351351351351,1.0,2015-03-29_PHI_CLE,0
65,2015,PHI,LAL,75,0.2432432432432432,0.2638888888888889,0.0,2015-03-30_LAL_PHI,0
66,2015,PHI,WAS,76,0.24,0.5540540540540541,1.0,2015-04-01_PHI_WAS,0
67,2011,ATL,CHI,65,0.578125,0.7142857142857143,1.0,2011-03-11_ATL_CHI,0
68,2015,PHI,CHO,77,0.2368421052631578,0.4266666666666667,1.0,2015-04-04_PHI_CHO,0
69,2015,PHI,NYK,78,0.2337662337662337,0.1842105263157894,1.0,2015-04-05_PHI_NYK,0
70,2011,ATL,MIL,67,0.5757575757575758,0.4,0.0,2011-03-15_MIL_ATL,1
71,2015,PHI,WAS,79,0.2307692307692307,0.5714285714285714,0.0,2015-04-08_WAS_PHI,0
72,2015,PHI,MIL,81,0.225,0.5,0.0,2015-04-13_MIL_PHI,0
73,2015,PHI,MIA,82,0.2222222222222222,0.4444444444444444,0.0,2015-04-15_MIA_PHI,0
74,2011,ATL,MIA,69,0.5735294117647058,0.6764705882352942,0.0,2011-03-18_MIA_ATL,0
75,2015,PHO,SAS,2,1.0,1.0,0.0,2014-10-31_SAS_PHO,1
76,2011,ATL,DET,70,0.5652173913043478,0.3623188405797101,0.0,2011-03-20_DET_ATL,1
77,2015,PHO,LAL,4,0.6666666666666666,0.0,1.0,2014-11-04_PHO_LAL,1
78,2011,ATL,CHI,71,0.5714285714285714,0.7246376811594203,0.0,2011-03-22_CHI_ATL,0
79,2011,ATL,PHI,72,0.5633802816901409,0.5142857142857142,1.0,2011-03-23_ATL_PHI,0
80,2011,ATL,NJN,73,0.5555555555555556,0.323943661971831,0.0,2011-03-26_NJN_ATL,1
81,2011,ATL,CLE,74,0.5616438356164384,0.1971830985915492,1.0,2011-03-27_ATL_CLE,1
82,2015,PHO,CHO,9,0.625,0.375,0.0,2014-11-14_CHO_PHO,0
83,2015,PHO,LAC,10,0.5555555555555556,0.5714285714285714,1.0,2014-11-15_PHO_LAC,0
84,2015,PHO,BOS,11,0.5,0.375,1.0,2014-11-17_PHO_BOS,1
85,2015,PHO,DET,12,0.5454545454545454,0.2727272727272727,1.0,2014-11-19_PHO_DET,1
86,2011,ATL,SAS,78,0.5714285714285714,0.7532467532467533,0.0,2011-04-05_SAS_ATL,0
87,2015,PHO,PHI,13,0.5833333333333334,0.0,1.0,2014-11-21_PHO_PHI,1
88,2011,ATL,MIA,81,0.55,0.7,0.0,2011-04-11_MIA_ATL,0
89,2015,PHO,DEN,16,0.6,0.5,0.0,2014-11-26_DEN_PHO,1
90,2011,ATL,CHA,82,0.5432098765432098,0.4074074074074074,1.0,2011-04-13_ATL_CHA,0
91,2011,BOS,DET,4,0.6666666666666666,0.0,1.0,2010-11-02_BOS_DET,1
92,2011,BOS,MIL,5,0.75,0.25,0.0,2010-11-03_MIL_BOS,1
93,2011,BOS,CHI,6,0.8,0.5,0.0,2010-11-05_CHI_BOS,1
94,2015,PHO,ORL,18,0.5882352941176471,0.3333333333333333,0.0,2014-11-30_ORL_PHO,0
95,2011,BOS,MIA,9,0.75,0.625,1.0,2010-11-11_BOS_MIA,1
96,2011,BOS,MEM,10,0.7777777777777778,0.4444444444444444,1.0,2010-11-13_BOS_MEM,1
97,2015,PHO,IND,19,0.5555555555555556,0.4117647058823529,0.0,2014-12-02_IND_PHO,1
98,2015,PHO,DAL,20,0.5789473684210527,0.75,1.0,2014-12-05_PHO_DAL,1
99,2015,PHO,HOU,21,0.6,0.7894736842105263,1.0,2014-12-06_PHO_HOU,0
100,2015,PHO,LAC,22,0.5714285714285714,0.7368421052631579,1.0,2014-12-08_PHO_LAC,0
101,2011,BOS,ATL,14,0.6923076923076923,0.6153846153846154,1.0,2010-11-22_BOS_ATL,1
102,2015,PHO,DET,24,0.5217391304347826,0.1363636363636363,0.0,2014-12-12_DET_PHO,0
103,2011,BOS,TOR,16,0.7333333333333333,0.4,0.0,2010-11-26_TOR_BOS,1
104,2015,PHO,OKC,25,0.5,0.4347826086956521,1.0,2014-12-14_PHO_OKC,0
105,2011,BOS,POR,18,0.7647058823529411,0.4705882352941176,0.0,2010-12-01_POR_BOS,1
106,2015,PHO,CHO,27,0.4615384615384615,0.25,1.0,2014-12-17_PHO_CHO,1
107,2011,BOS,CHI,19,0.7777777777777778,0.5625,0.0,2010-12-03_CHI_BOS,1
108,2015,PHO,WAS,29,0.5,0.76,1.0,2014-12-21_PHO_WAS,1
109,2015,PHO,DAL,30,0.5172413793103449,0.6896551724137931,0.0,2014-12-23_DAL_PHO,1
110,2011,BOS,NJN,20,0.7894736842105263,0.3,1.0,2010-12-05_BOS_NJN,1
111,2011,BOS,DEN,21,0.8,0.65,0.0,2010-12-08_DEN_BOS,1
112,2015,PHO,LAL,32,0.5483870967741935,0.3,1.0,2014-12-28_PHO_LAL,1
113,2015,PHO,NOP,33,0.5625,0.5,1.0,2014-12-30_PHO_NOP,0
114,2015,PHO,OKC,34,0.5454545454545454,0.46875,1.0,2014-12-31_PHO_OKC,0
115,2015,PHO,PHI,35,0.5294117647058824,0.1333333333333333,0.0,2015-01-02_PHI_PHO,1
116,2015,PHO,TOR,36,0.5428571428571428,0.7272727272727273,0.0,2015-01-04_TOR_PHO,1
117,2015,PHO,MIL,37,0.5555555555555556,0.5142857142857142,1.0,2015-01-06_PHO_MIL,1
118,2011,BOS,PHI,22,0.8095238095238095,0.3333333333333333,1.0,2010-12-09_BOS_PHI,1
119,2015,PHO,MIN,38,0.5675675675675675,0.1515151515151515,1.0,2015-01-07_PHO_MIN,1
120,2011,BOS,CHA,23,0.8181818181818182,0.3636363636363636,1.0,2010-12-11_BOS_CHA,1
121,2011,BOS,NYK,24,0.8260869565217391,0.64,1.0,2010-12-15_BOS_NYK,1
122,2011,BOS,ATL,25,0.8333333333333334,0.6153846153846154,0.0,2010-12-16_ATL_BOS,1
123,2015,PHO,CLE,41,0.55,0.5,0.0,2015-01-13_CLE_PHO,1
124,2015,PHO,MIN,42,0.5609756097560976,0.1621621621621621,0.0,2015-01-16_MIN_PHO,1
125,2015,PHO,LAL,43,0.5714285714285714,0.2926829268292683,0.0,2015-01-19_LAL_PHO,1
126,2015,PHO,POR,44,0.5813953488372093,0.7380952380952381,0.0,2015-01-21_POR_PHO,1
127,2011,BOS,IND,29,0.8214285714285714,0.4642857142857143,1.0,2010-12-28_BOS_IND,1
128,2015,PHO,HOU,45,0.5909090909090909,0.6744186046511628,0.0,2015-01-23_HOU_PHO,0
129,2015,PHO,LAC,46,0.5777777777777777,0.6744186046511628,0.0,2015-01-25_LAC_PHO,0
130,2015,PHO,WAS,47,0.5652173913043478,0.6739130434782609,0.0,2015-01-28_WAS_PHO,1
131,2011,BOS,NOH,31,0.8,0.5625,0.0,2010-12-31_NOH_BOS,0
132,2011,BOS,MIN,33,0.78125,0.2647058823529412,0.0,2011-01-03_MIN_BOS,1
133,2015,PHO,GSW,49,0.5833333333333334,0.8181818181818182,1.0,2015-01-31_PHO_GSW,0
134,2015,PHO,MEM,50,0.5714285714285714,0.7446808510638298,0.0,2015-02-02_MEM_PHO,0
135,2011,BOS,SAS,34,0.7878787878787878,0.8529411764705882,0.0,2011-01-05_SAS_BOS,1
136,2015,PHO,UTA,52,0.5490196078431373,0.3469387755102041,0.0,2015-02-06_UTA_PHO,1
137,2011,BOS,TOR,35,0.7941176470588235,0.3428571428571428,0.0,2011-01-07_TOR_BOS,1
138,2015,PHO,SAC,53,0.5576923076923077,0.3469387755102041,1.0,2015-02-08_PHO_SAC,0
139,2015,PHO,HOU,54,0.5471698113207547,0.6862745098039216,0.0,2015-02-10_HOU_PHO,0
140,2015,PHO,MIN,55,0.5370370370370371,0.2075471698113207,1.0,2015-02-20_PHO_MIN,0
141,2011,BOS,HOU,37,0.7777777777777778,0.4324324324324324,0.0,2011-01-10_HOU_BOS,0
142,2015,PHO,CHI,56,0.5272727272727272,0.6181818181818182,1.0,2015-02-21_PHO_CHI,0
143,2011,BOS,SAC,38,0.7567567567567568,0.2285714285714285,0.0,2011-01-12_SAC_BOS,1
144,2015,PHO,BOS,57,0.5178571428571429,0.3773584905660377,0.0,2015-02-23_BOS_PHO,0
145,2011,BOS,CHA,39,0.7631578947368421,0.4166666666666667,0.0,2011-01-14_CHA_BOS,1
146,2015,PHO,DEN,58,0.5087719298245614,0.3571428571428571,1.0,2015-02-25_PHO_DEN,1
147,2011,BOS,ORL,40,0.7692307692307693,0.65,0.0,2011-01-17_ORL_BOS,1
148,2015,PHO,OKC,59,0.5172413793103449,0.5614035087719298,0.0,2015-02-26_OKC_PHO,1
149,2011,BOS,DET,41,0.775,0.3658536585365853,0.0,2011-01-19_DET_BOS,1
150,2015,PHO,SAS,60,0.5254237288135594,0.603448275862069,0.0,2015-02-28_SAS_PHO,0
151,2015,PHO,MIA,61,0.5166666666666667,0.4310344827586206,1.0,2015-03-02_PHO_MIA,0
152,2011,BOS,WAS,43,0.7857142857142857,0.2926829268292683,1.0,2011-01-22_BOS_WAS,0
153,2011,BOS,CLE,44,0.7674418604651163,0.1818181818181818,0.0,2011-01-25_CLE_BOS,1
154,2015,PHO,BRK,63,0.5161290322580645,0.423728813559322,1.0,2015-03-06_PHO_BRK,1
155,2011,BOS,POR,45,0.7727272727272727,0.5434782608695652,1.0,2011-01-27_BOS_POR,1
156,2011,BOS,PHO,46,0.7777777777777778,0.4545454545454545,1.0,2011-01-28_BOS_PHO,0
157,2015,PHO,MIN,66,0.5076923076923077,0.2258064516129032,0.0,2015-03-11_MIN_PHO,1
158,2011,BOS,SAC,48,0.7659574468085106,0.2666666666666666,1.0,2011-02-01_BOS_SAC,1
159,2011,BOS,DAL,49,0.7708333333333334,0.6875,0.0,2011-02-04_DAL_BOS,0
160,2011,BOS,ORL,50,0.7551020408163265,0.6274509803921569,0.0,2011-02-06_ORL_BOS,1
161,2015,PHO,NYK,68,0.5074626865671642,0.2,0.0,2015-03-15_NYK_PHO,1
162,2011,BOS,LAL,52,0.7450980392156863,0.6923076923076923,0.0,2011-02-10_LAL_BOS,0
163,2015,PHO,NOP,69,0.5147058823529411,0.5522388059701493,0.0,2015-03-19_NOP_PHO,1
164,2011,BOS,MIA,53,0.7307692307692307,0.7358490566037735,0.0,2011-02-13_MIA_BOS,1
165,2015,PHO,HOU,70,0.5217391304347826,0.6764705882352942,1.0,2015-03-21_PHO_HOU,1
166,2011,BOS,NJN,54,0.7358490566037735,0.3035714285714285,0.0,2011-02-16_NJN_BOS,1
167,2015,PHO,SAC,72,0.5352112676056338,0.3571428571428571,0.0,2015-03-25_SAC_PHO,0
168,2011,BOS,GSW,55,0.7407407407407407,0.4727272727272727,1.0,2011-02-22_BOS_GSW,1
169,2011,BOS,LAC,57,0.7321428571428571,0.3559322033898305,1.0,2011-02-26_BOS_LAC,1
170,2015,PHO,POR,73,0.5277777777777778,0.6428571428571429,0.0,2015-03-27_POR_PHO,0
171,2015,PHO,OKC,74,0.5205479452054794,0.5616438356164384,0.0,2015-03-29_OKC_PHO,0
172,2015,PHO,POR,75,0.5135135135135135,0.6527777777777778,1.0,2015-03-30_PHO_POR,0
173,2015,PHO,GSW,76,0.5066666666666667,0.8243243243243243,1.0,2015-04-02_PHO_GSW,0
174,2015,PHO,UTA,77,0.5,0.4533333333333333,0.0,2015-04-04_UTA_PHO,1
175,2011,BOS,UTA,58,0.7368421052631579,0.5333333333333333,1.0,2011-02-28_BOS_UTA,1
176,2015,PHO,ATL,78,0.5064935064935064,0.75,1.0,2015-04-07_PHO_ATL,0
177,2015,PHO,DAL,79,0.5,0.5974025974025974,1.0,2015-04-08_PHO_DAL,0
178,2011,BOS,PHO,59,0.7413793103448276,0.5344827586206896,0.0,2011-03-02_PHO_BOS,1
179,2015,PHO,NOP,80,0.4936708860759494,0.5384615384615384,1.0,2015-04-10_PHO_NOP,0
180,2011,BOS,MIL,64,0.7301587301587301,0.40625,0.0,2011-03-13_MIL_BOS,1
181,2015,PHO,SAS,81,0.4875,0.675,1.0,2015-04-12_PHO_SAS,0
182,2015,PHO,LAC,82,0.4814814814814814,0.6790123456790124,0.0,2015-04-14_LAC_PHO,0
183,2015,POR,GSW,3,0.5,1.0,0.0,2014-11-02_GSW_POR,0
184,2011,BOS,IND,66,0.7230769230769231,0.4328358208955223,0.0,2011-03-16_IND_BOS,1
185,2015,POR,CLE,4,0.3333333333333333,0.5,0.0,2014-11-04_CLE_POR,1
186,2015,POR,DAL,5,0.5,0.75,0.0,2014-11-06_DAL_POR,1
187,2011,BOS,NOH,68,0.7164179104477612,0.5714285714285714,1.0,2011-03-19_BOS_NOH,1
188,2011,BOS,NYK,69,0.7205882352941176,0.5072463768115942,1.0,2011-03-21_BOS_NYK,1
189,2015,POR,DEN,9,0.625,0.1666666666666666,1.0,2014-11-12_POR_DEN,1
190,2011,BOS,MEM,70,0.7246376811594203,0.5492957746478874,0.0,2011-03-23_MEM_BOS,0
191,2015,POR,BRK,10,0.6666666666666666,0.5,0.0,2014-11-15_BRK_POR,1
192,2011,BOS,CHA,71,0.7142857142857143,0.4,0.0,2011-03-25_CHA_BOS,0
193,2015,POR,NOP,11,0.7,0.625,0.0,2014-11-17_NOP_POR,1
194,2015,POR,CHI,12,0.7272727272727273,0.6666666666666666,0.0,2014-11-21_CHI_POR,1
195,2011,BOS,IND,73,0.7083333333333334,0.4324324324324324,1.0,2011-03-28_BOS_IND,0
196,2011,BOS,SAS,74,0.6986301369863014,0.7702702702702703,1.0,2011-03-31_BOS_SAS,1
197,2015,POR,PHI,14,0.7692307692307693,0.0,1.0,2014-11-24_POR_PHI,1
198,2015,POR,CHO,15,0.7857142857142857,0.2666666666666666,1.0,2014-11-26_POR_CHO,1
199,2015,POR,MEM,16,0.8,0.8666666666666667,0.0,2014-11-28_MEM_POR,0
200,2011,BOS,PHI,77,0.6973684210526315,0.5194805194805194,0.0,2011-04-05_PHI_BOS,1
201,2015,POR,MIN,17,0.75,0.2857142857142857,0.0,2014-11-30_MIN_POR,1
202,2011,BOS,CHI,78,0.7012987012987013,0.7402597402597403,1.0,2011-04-07_BOS_CHI,0
203,2011,BOS,WAS,79,0.6923076923076923,0.2692307692307692,0.0,2011-04-08_WAS_BOS,1
204,2011,BOS,MIA,80,0.6962025316455697,0.6962025316455697,1.0,2011-04-10_BOS_MIA,0
205,2015,POR,IND,19,0.7777777777777778,0.3888888888888889,0.0,2014-12-04_IND_POR,1
206,2011,BOS,WAS,81,0.6875,0.275,1.0,2011-04-11_BOS_WAS,0
207,2011,BOS,NYK,82,0.6790123456790124,0.5185185185185185,0.0,2011-04-13_NYK_BOS,1
208,2011,CHA,IND,2,0.0,0.0,0.0,2010-10-29_IND_CHA,0
209,2015,POR,NYK,20,0.7894736842105263,0.1904761904761904,1.0,2014-12-07_POR_NYK,1
210,2011,CHA,MIL,3,0.0,0.0,1.0,2010-10-30_CHA_MIL,0
211,2015,POR,DET,21,0.8,0.1428571428571428,1.0,2014-12-09_POR_DET,1
212,2011,CHA,NJN,4,0.0,0.6666666666666666,1.0,2010-11-03_CHA_NJN,1
213,2011,CHA,DET,5,0.25,0.0,1.0,2010-11-05_CHA_DET,0
214,2015,POR,MIN,22,0.8095238095238095,0.2,1.0,2014-12-10_POR_MIN,0
215,2011,CHA,ORL,6,0.2,0.75,0.0,2010-11-06_ORL_CHA,0
216,2015,POR,IND,24,0.7391304347826086,0.3043478260869565,1.0,2014-12-13_POR_IND,1
217,2011,CHA,TOR,8,0.1428571428571428,0.1428571428571428,1.0,2010-11-10_CHA_TOR,1
218,2015,POR,MIL,26,0.76,0.52,0.0,2014-12-17_MIL_POR,1
219,2011,CHA,WAS,9,0.25,0.3333333333333333,1.0,2010-11-12_CHA_WAS,1
220,2011,CHA,UTA,10,0.3333333333333333,0.6666666666666666,0.0,2010-11-13_UTA_CHA,0
221,2011,CHA,MIN,11,0.3,0.2727272727272727,0.0,2010-11-15_MIN_CHA,1
222,2011,CHA,MIA,12,0.3636363636363636,0.6363636363636364,1.0,2010-11-19_CHA_MIA,0
223,2015,POR,HOU,29,0.7857142857142857,0.7307692307692307,1.0,2014-12-22_POR_HOU,0
224,2015,POR,OKC,30,0.7586206896551724,0.4642857142857143,1.0,2014-12-23_POR_OKC,1
225,2011,CHA,NYK,14,0.3846153846153846,0.4285714285714285,1.0,2010-11-23_CHA_NYK,0
226,2011,CHA,HOU,16,0.3333333333333333,0.2857142857142857,0.0,2010-11-26_HOU_CHA,1
227,2015,POR,NYK,32,0.7741935483870968,0.15625,0.0,2014-12-28_NYK_POR,1
228,2015,POR,TOR,33,0.78125,0.7741935483870968,0.0,2014-12-30_TOR_POR,1
229,2015,POR,LAL,35,0.7647058823529411,0.3235294117647059,0.0,2015-01-05_LAL_POR,1
230,2011,CHA,NOH,18,0.3529411764705882,0.7058823529411765,1.0,2010-12-01_CHA_NOH,0
231,2015,POR,MIA,36,0.7714285714285715,0.4285714285714285,0.0,2015-01-08_MIA_POR,1
232,2011,CHA,NJN,19,0.3333333333333333,0.3157894736842105,0.0,2010-12-03_NJN_CHA,1
233,2015,POR,ORL,37,0.7777777777777778,0.3333333333333333,0.0,2015-01-10_ORL_POR,1
234,2011,CHA,PHI,20,0.3684210526315789,0.2631578947368421,1.0,2010-12-04_CHA_PHI,0
235,2015,POR,LAL,38,0.7837837837837838,0.3243243243243243,1.0,2015-01-11_POR_LAL,1
236,2011,CHA,DEN,21,0.35,0.6842105263157895,0.0,2010-12-07_DEN_CHA,1
237,2015,POR,LAC,39,0.7894736842105263,0.6578947368421053,0.0,2015-01-14_LAC_POR,0
238,2011,CHA,IND,22,0.3809523809523809,0.5,1.0,2010-12-10_CHA_IND,0
239,2011,CHA,BOS,23,0.3636363636363636,0.8181818181818182,0.0,2010-12-11_BOS_CHA,0
240,2015,POR,MEM,41,0.75,0.717948717948718,1.0,2015-01-17_POR_MEM,0
241,2011,CHA,TOR,24,0.3478260869565217,0.375,0.0,2010-12-14_TOR_CHA,1
242,2015,POR,SAC,42,0.7317073170731707,0.4,0.0,2015-01-19_SAC_POR,1
243,2011,CHA,MEM,25,0.375,0.44,1.0,2010-12-15_CHA_MEM,0
244,2015,POR,PHO,43,0.7380952380952381,0.5813953488372093,1.0,2015-01-21_POR_PHO,0
245,2011,CHA,ATL,26,0.36,0.5925925925925926,1.0,2010-12-17_CHA_ATL,0
246,2011,CHA,WAS,27,0.3461538461538461,0.24,1.0,2010-12-20_CHA_WAS,0
247,2015,POR,WAS,45,0.7045454545454546,0.6744186046511628,0.0,2015-01-24_WAS_POR,1
248,2011,CHA,DET,29,0.3214285714285714,0.3333333333333333,0.0,2010-12-27_DET_CHA,1
249,2015,POR,ATL,47,0.6956521739130435,0.8260869565217391,1.0,2015-01-30_POR_ATL,0
250,2011,CHA,CLE,30,0.3448275862068966,0.2580645161290322,0.0,2010-12-29_CLE_CHA,1
251,2015,POR,MIL,48,0.6808510638297872,0.5217391304347826,1.0,2015-01-31_POR_MIL,0
252,2011,CHA,GSW,31,0.3666666666666666,0.3870967741935484,0.0,2010-12-31_GSW_CHA,0
253,2015,POR,UTA,49,0.6666666666666666,0.3617021276595745,0.0,2015-02-03_UTA_POR,1
254,2011,CHA,MIA,32,0.3548387096774194,0.7428571428571429,0.0,2011-01-03_MIA_CHA,0
255,2011,CHA,MIN,33,0.34375,0.2571428571428571,1.0,2011-01-05_CHA_MIN,1
256,2015,POR,LAL,53,0.6730769230769231,0.25,0.0,2015-02-11_LAL_POR,1
257,2011,CHA,BOS,37,0.4166666666666667,0.7631578947368421,1.0,2011-01-14_CHA_BOS,0
258,2011,CHA,NOH,38,0.4054054054054054,0.6,0.0,2011-01-15_NOH_CHA,0
259,2015,POR,UTA,54,0.6792452830188679,0.3584905660377358,1.0,2015-02-20_POR_UTA,0
260,2015,POR,MEM,55,0.6666666666666666,0.7358490566037735,0.0,2015-02-22_MEM_POR,0
261,2011,CHA,PHI,39,0.3947368421052631,0.4102564102564102,1.0,2011-01-17_CHA_PHI,0
262,2011,CHA,CHI,40,0.3846153846153846,0.6829268292682927,1.0,2011-01-18_CHA_CHI,1
263,2015,POR,SAS,56,0.6545454545454545,0.6071428571428571,0.0,2015-02-25_SAS_POR,1
264,2015,POR,OKC,57,0.6607142857142857,0.5517241379310345,0.0,2015-02-27_OKC_POR,1
265,2011,CHA,PHI,41,0.4,0.4146341463414634,0.0,2011-01-20_PHI_CHA,1
266,2015,POR,SAC,58,0.6666666666666666,0.3571428571428571,1.0,2015-03-01_POR_SAC,1
267,2011,CHA,ATL,42,0.4146341463414634,0.6363636363636364,0.0,2011-01-22_ATL_CHA,0
268,2011,CHA,SAC,43,0.4047619047619047,0.238095238095238,1.0,2011-01-25_CHA_SAC,1
269,2011,CHA,PHO,44,0.4186046511627907,0.4651162790697674,1.0,2011-01-26_CHA_PHO,1
270,2015,POR,DAL,60,0.6779661016949152,0.6451612903225806,0.0,2015-03-05_DAL_POR,1
271,2015,POR,MIN,61,0.6833333333333333,0.2166666666666666,1.0,2015-03-07_POR_MIN,0
272,2015,POR,HOU,62,0.6721311475409836,0.6825396825396826,0.0,2015-03-11_HOU_POR,1
273,2011,CHA,LAC,46,0.4444444444444444,0.3777777777777777,1.0,2011-01-29_CHA_LAC,0
274,2011,CHA,UTA,47,0.4347826086956521,0.5833333333333334,1.0,2011-01-31_CHA_UTA,0
275,2015,POR,DET,63,0.6774193548387096,0.359375,0.0,2015-03-13_DET_POR,1
276,2011,CHA,DET,48,0.425531914893617,0.3541666666666667,1.0,2011-02-02_CHA_DET,1
277,2015,POR,WAS,65,0.6875,0.5757575757575758,1.0,2015-03-16_POR_WAS,0
278,2015,POR,MIA,66,0.676923076923077,0.4545454545454545,1.0,2015-03-18_POR_MIA,0
279,2011,CHA,DAL,50,0.4285714285714285,0.6938775510204082,0.0,2011-02-05_DAL_CHA,0
280,2015,POR,ORL,67,0.6666666666666666,0.3,1.0,2015-03-20_POR_ORL,0
281,2015,POR,MEM,68,0.6567164179104478,0.6956521739130435,1.0,2015-03-21_POR_MEM,0
282,2015,POR,GSW,69,0.6470588235294118,0.8142857142857143,0.0,2015-03-24_GSW_POR,0
283,2011,CHA,NJN,53,0.4230769230769231,0.3018867924528302,0.0,2011-02-11_NJN_CHA,0
284,2015,POR,PHO,71,0.6428571428571429,0.5277777777777778,1.0,2015-03-27_POR_PHO,1
285,2011,CHA,LAL,55,0.4259259259259259,0.6909090909090909,0.0,2011-02-14_LAL_CHA,1
286,2015,POR,DEN,72,0.647887323943662,0.3835616438356164,0.0,2015-03-28_DEN_POR,1
287,2015,POR,PHO,73,0.6527777777777778,0.5135135135135135,0.0,2015-03-30_PHO_POR,1
288,2015,POR,LAC,74,0.6575342465753424,0.6533333333333333,0.0,2015-04-01_LAC_POR,0
289,2015,POR,LAL,75,0.6486486486486487,0.2702702702702703,1.0,2015-04-03_POR_LAL,1
290,2011,CHA,DEN,60,0.4406779661016949,0.5737704918032787,1.0,2011-03-02_CHA_DEN,0
291,2015,POR,BRK,77,0.6578947368421053,0.4605263157894737,1.0,2015-04-06_POR_BRK,0
292,2011,CHA,LAL,61,0.4333333333333333,0.6935483870967742,1.0,2011-03-04_CHA_LAL,0
293,2015,POR,MIN,78,0.6493506493506493,0.2077922077922078,0.0,2015-04-08_MIN_POR,1
294,2011,CHA,POR,62,0.4262295081967213,0.5573770491803278,1.0,2011-03-05_CHA_POR,0
295,2015,POR,GSW,79,0.6538461538461539,0.8076923076923077,1.0,2015-04-09_POR_GSW,0
296,2015,POR,UTA,80,0.6455696202531646,0.4556962025316455,0.0,2015-04-11_UTA_POR,0
297,2011,CHA,CHI,64,0.4126984126984127,0.7096774193548387,0.0,2011-03-09_CHI_CHA,0
298,2015,POR,OKC,81,0.6375,0.5375,1.0,2015-04-13_POR_OKC,0
299,2011,CHA,HOU,67,0.4242424242424242,0.5,1.0,2011-03-16_CHA_HOU,0
300,2015,SAC,LAC,3,0.5,1.0,1.0,2014-11-02_SAC_LAC,1
301,2011,CHA,SAS,69,0.4117647058823529,0.8088235294117647,1.0,2011-03-19_CHA_SAS,0
302,2015,SAC,DEN,4,0.6666666666666666,0.5,1.0,2014-11-03_SAC_DEN,1
303,2015,SAC,DEN,5,0.75,0.3333333333333333,0.0,2014-11-05_DEN_SAC,1
304,2011,CHA,BOS,71,0.4,0.7142857142857143,1.0,2011-03-25_CHA_BOS,1
305,2011,CHA,NYK,72,0.4084507042253521,0.4861111111111111,0.0,2011-03-26_NYK_CHA,1
306,2015,SAC,OKC,7,0.8333333333333334,0.1666666666666666,1.0,2014-11-09_SAC_OKC,0
307,2015,SAC,DAL,8,0.7142857142857143,0.5714285714285714,1.0,2014-11-11_SAC_DAL,0
308,2011,CHA,CLE,74,0.4246575342465753,0.2054794520547945,0.0,2011-03-30_CLE_CHA,1
309,2011,CHA,ORL,75,0.4324324324324324,0.6266666666666667,1.0,2011-04-01_CHA_ORL,0
310,2015,SAC,NOP,11,0.6,0.5555555555555556,0.0,2014-11-18_NOP_SAC,0
311,2011,CHA,CLE,77,0.4210526315789473,0.1973684210526315,1.0,2011-04-05_CHA_CLE,0
312,2015,SAC,CHI,12,0.5454545454545454,0.7272727272727273,0.0,2014-11-20_CHI_SAC,1
313,2015,SAC,MIN,13,0.5833333333333334,0.2727272727272727,1.0,2014-11-22_SAC_MIN,1
314,2011,CHA,ORL,78,0.4155844155844156,0.6282051282051282,0.0,2011-04-06_ORL_CHA,0
315,2015,SAC,HOU,15,0.6428571428571429,0.7857142857142857,1.0,2014-11-26_SAC_HOU,0
316,2015,SAC,SAS,16,0.6,0.7142857142857143,1.0,2014-11-28_SAC_SAS,0
317,2011,CHA,NJN,81,0.4,0.3,1.0,2011-04-11_CHA_NJN,1
318,2011,CHA,ATL,82,0.4074074074074074,0.5432098765432098,0.0,2011-04-13_ATL_CHA,1
319,2015,SAC,TOR,18,0.5294117647058824,0.7647058823529411,0.0,2014-12-02_TOR_SAC,0
320,2011,CHI,DET,2,0.0,0.0,0.0,2010-10-30_DET_CHI,1
321,2015,SAC,IND,19,0.5,0.3684210526315789,0.0,2014-12-05_IND_SAC,1
322,2011,CHI,POR,3,0.5,1.0,0.0,2010-11-01_POR_CHI,1
323,2015,SAC,ORL,20,0.5263157894736842,0.3636363636363636,0.0,2014-12-06_ORL_SAC,0
324,2011,CHI,NYK,4,0.6666666666666666,0.3333333333333333,0.0,2010-11-04_NYK_CHI,0
325,2011,CHI,BOS,5,0.5,0.8,1.0,2010-11-05_CHI_BOS,0
326,2015,SAC,LAL,22,0.5238095238095238,0.238095238095238,1.0,2014-12-09_SAC_LAL,0
327,2011,CHI,DEN,6,0.4,0.6666666666666666,0.0,2010-11-08_DEN_CHI,1
328,2011,CHI,GSW,7,0.5,0.75,0.0,2010-11-11_GSW_CHI,1
329,2015,SAC,OKC,25,0.4583333333333333,0.4583333333333333,0.0,2014-12-16_OKC_SAC,0
330,2011,CHI,SAS,10,0.6666666666666666,0.8888888888888888,1.0,2010-11-17_CHI_SAS,0
331,2015,SAC,GSW,28,0.4444444444444444,0.88,1.0,2014-12-22_SAC_GSW,0
332,2011,CHI,LAL,12,0.6363636363636364,0.8571428571428571,1.0,2010-11-23_CHI_LAL,0
333,2015,SAC,NYK,30,0.4137931034482758,0.1612903225806451,0.0,2014-12-27_NYK_SAC,1
334,2015,SAC,BRK,31,0.4333333333333333,0.4482758620689655,1.0,2014-12-29_SAC_BRK,0
335,2011,CHI,SAC,15,0.5714285714285714,0.2857142857142857,1.0,2010-11-27_CHI_SAC,1
336,2011,CHI,ORL,16,0.6,0.7647058823529411,0.0,2010-12-01_ORL_CHI,0
337,2015,SAC,MIN,33,0.40625,0.1666666666666666,1.0,2015-01-01_SAC_MIN,1
338,2011,CHI,BOS,17,0.5625,0.7777777777777778,1.0,2010-12-03_CHI_BOS,0
339,2011,CHI,HOU,18,0.5294117647058824,0.3684210526315789,0.0,2010-12-04_HOU_CHI,1
340,2011,CHI,OKC,19,0.5555555555555556,0.6666666666666666,0.0,2010-12-06_OKC_CHI,1
341,2011,CHI,CLE,20,0.5789473684210527,0.3333333333333333,1.0,2010-12-08_CHI_CLE,1
342,2015,SAC,DEN,36,0.4285714285714285,0.4444444444444444,0.0,2015-01-09_DEN_SAC,0
343,2015,SAC,CLE,37,0.4166666666666667,0.5135135135135135,0.0,2015-01-11_CLE_SAC,1
344,2015,SAC,MIA,39,0.4210526315789473,0.4358974358974359,0.0,2015-01-16_MIA_SAC,0
345,2011,CHI,TOR,24,0.6521739130434783,0.36,1.0,2010-12-15_CHI_TOR,1
346,2015,SAC,POR,41,0.4,0.7317073170731707,1.0,2015-01-19_SAC_POR,0
347,2011,CHI,LAC,25,0.6666666666666666,0.2222222222222222,0.0,2010-12-18_LAC_CHI,0
348,2015,SAC,BRK,42,0.3902439024390244,0.4146341463414634,0.0,2015-01-21_BRK_SAC,0
349,2011,CHI,WAS,27,0.6538461538461539,0.2692307692307692,1.0,2010-12-22_CHI_WAS,1
350,2011,CHI,NYK,28,0.6666666666666666,0.5862068965517241,1.0,2010-12-25_CHI_NYK,0
351,2015,SAC,TOR,44,0.3720930232558139,0.6666666666666666,1.0,2015-01-28_SAC_TOR,0
352,2015,SAC,CLE,45,0.3636363636363636,0.574468085106383,1.0,2015-01-30_SAC_CLE,0
353,2011,CHI,MIL,30,0.6551724137931034,0.4137931034482758,0.0,2010-12-28_MIL_CHI,1
354,2015,SAC,IND,46,0.3555555555555555,0.3541666666666667,1.0,2015-01-31_SAC_IND,1
355,2011,CHI,NJN,31,0.6666666666666666,0.28125,0.0,2010-12-31_NJN_CHI,1
356,2015,SAC,GSW,47,0.3695652173913043,0.8222222222222222,0.0,2015-02-03_GSW_SAC,0
357,2015,SAC,DAL,48,0.3617021276595745,0.6470588235294118,0.0,2015-02-05_DAL_SAC,0
358,2011,CHI,CLE,32,0.6774193548387096,0.25,0.0,2011-01-01_CLE_CHI,1
359,2015,SAC,UTA,49,0.3541666666666667,0.34,1.0,2015-02-07_SAC_UTA,0
360,2015,SAC,PHO,50,0.3469387755102041,0.5576923076923077,0.0,2015-02-08_PHO_SAC,1
361,2011,CHI,NJN,34,0.696969696969697,0.2647058823529412,1.0,2011-01-05_CHI_NJN,0
362,2015,SAC,MIL,52,0.3529411764705882,0.5576923076923077,1.0,2015-02-11_SAC_MIL,0
363,2011,CHI,PHI,35,0.6764705882352942,0.4,1.0,2011-01-07_CHI_PHI,0
364,2015,SAC,MEM,55,0.3518518518518518,0.7454545454545455,0.0,2015-02-25_MEM_SAC,1
365,2015,SAC,SAS,56,0.3636363636363636,0.5964912280701754,0.0,2015-02-27_SAS_SAC,0
366,2011,CHI,IND,39,0.6578947368421053,0.4444444444444444,1.0,2011-01-14_CHI_IND,1
367,2015,SAC,POR,57,0.3571428571428571,0.6666666666666666,0.0,2015-03-01_POR_SAC,0
368,2011,CHI,MIA,40,0.6666666666666666,0.7317073170731707,0.0,2011-01-15_MIA_CHI,1
369,2015,SAC,NYK,58,0.3508771929824561,0.2068965517241379,1.0,2015-03-03_SAC_NYK,1
370,2011,CHI,CHA,42,0.6829268292682927,0.3846153846153846,0.0,2011-01-18_CHA_CHI,0
371,2015,SAC,ORL,60,0.3559322033898305,0.3064516129032258,1.0,2015-03-06_SAC_ORL,0
372,2011,CHI,DAL,43,0.6666666666666666,0.6585365853658537,0.0,2011-01-20_DAL_CHI,1
373,2015,SAC,ATL,62,0.3442622950819672,0.7903225806451613,1.0,2015-03-09_SAC_ATL,0
374,2015,SAC,CHO,63,0.3387096774193548,0.4516129032258064,1.0,2015-03-11_SAC_CHO,1
375,2011,CHI,ORL,46,0.6888888888888889,0.6521739130434783,0.0,2011-01-28_ORL_CHI,1
376,2015,SAC,WAS,65,0.34375,0.5692307692307692,1.0,2015-03-14_SAC_WAS,0
377,2011,CHI,LAC,48,0.7021276595744681,0.4042553191489361,1.0,2011-02-02_CHI_LAC,1
378,2011,CHI,GSW,49,0.7083333333333334,0.4375,1.0,2011-02-05_CHI_GSW,0
379,2011,CHI,POR,50,0.6938775510204082,0.5294117647058824,1.0,2011-02-07_CHI_POR,0
380,2015,SAC,LAC,67,0.3333333333333333,0.6323529411764706,0.0,2015-03-18_LAC_SAC,0
381,2015,SAC,CHO,68,0.3283582089552239,0.4393939393939394,0.0,2015-03-20_CHO_SAC,1
382,2015,SAC,PHI,70,0.3478260869565217,0.2428571428571428,0.0,2015-03-24_PHI_SAC,1
383,2015,SAC,PHO,71,0.3571428571428571,0.5352112676056338,1.0,2015-03-25_SAC_PHO,1
384,2011,CHI,MIA,56,0.6909090909090909,0.7368421052631579,0.0,2011-02-24_MIA_CHI,1
385,2015,SAC,MEM,73,0.3611111111111111,0.6756756756756757,1.0,2015-03-30_SAC_MEM,0
386,2015,SAC,HOU,74,0.3561643835616438,0.6756756756756757,1.0,2015-04-01_SAC_HOU,0
387,2011,CHI,MIL,57,0.6964285714285714,0.3859649122807017,1.0,2011-02-26_CHI_MIL,1
388,2011,CHI,ATL,59,0.7068965517241379,0.6,1.0,2011-03-02_CHI_ATL,0
389,2015,SAC,UTA,76,0.3466666666666667,0.4473684210526316,0.0,2015-04-05_UTA_SAC,0
390,2011,CHI,ORL,60,0.6949152542372882,0.6451612903225806,1.0,2011-03-04_CHI_ORL,1
391,2015,SAC,MIN,77,0.3421052631578947,0.2105263157894736,0.0,2015-04-07_MIN_SAC,1
392,2011,CHI,MIA,61,0.7,0.6935483870967742,1.0,2011-03-06_CHI_MIA,1
393,2015,SAC,UTA,78,0.3506493506493506,0.4545454545454545,1.0,2015-04-08_SAC_UTA,0
394,2011,CHI,NOH,62,0.7049180327868853,0.5692307692307692,0.0,2011-03-07_NOH_CHI,1
395,2011,CHI,CHA,63,0.7096774193548387,0.4126984126984127,1.0,2011-03-09_CHI_CHA,1
396,2015,SAC,DEN,80,0.3417721518987341,0.3670886075949367,1.0,2015-04-12_SAC_DEN,0
397,2011,CHI,ATL,64,0.7142857142857143,0.578125,0.0,2011-03-11_ATL_CHI,1
398,2015,SAC,LAL,81,0.3375,0.2625,0.0,2015-04-13_LAL_SAC,1
399,2015,SAS,PHO,2,1.0,1.0,1.0,2014-10-31_SAS_PHO,0
400,2011,CHI,UTA,65,0.71875,0.5151515151515151,0.0,2011-03-12_UTA_CHI,1
401,2015,SAS,ATL,3,0.5,0.5,0.0,2014-11-05_ATL_SAS,1
402,2011,CHI,WAS,66,0.7230769230769231,0.2461538461538461,0.0,2011-03-15_WAS_CHI,1
403,2015,SAS,HOU,4,0.6666666666666666,1.0,1.0,2014-11-06_SAS_HOU,0
404,2011,CHI,NJN,67,0.7272727272727273,0.3384615384615385,1.0,2011-03-17_CHI_NJN,1
405,2015,SAS,NOP,5,0.5,0.5,0.0,2014-11-08_NOP_SAS,0
406,2011,CHI,IND,68,0.7313432835820896,0.4264705882352941,1.0,2011-03-18_CHI_IND,0
407,2015,SAS,LAC,6,0.4,0.6666666666666666,1.0,2014-11-10_SAS_LAC,1
408,2011,CHI,SAC,69,0.7205882352941176,0.25,0.0,2011-03-21_SAC_CHI,1
409,2015,SAS,GSW,7,0.5,0.8333333333333334,1.0,2014-11-11_SAS_GSW,1
410,2011,CHI,ATL,70,0.7246376811594203,0.5714285714285714,1.0,2011-03-22_CHI_ATL,1
411,2015,SAS,LAL,8,0.5714285714285714,0.125,1.0,2014-11-14_SAS_LAL,1
412,2011,CHI,MEM,71,0.7285714285714285,0.5555555555555556,0.0,2011-03-25_MEM_CHI,1
413,2011,CHI,MIL,72,0.7323943661971831,0.4084507042253521,1.0,2011-03-26_CHI_MIL,1
414,2015,SAS,PHI,10,0.5555555555555556,0.0,0.0,2014-11-17_PHI_SAS,1
415,2011,CHI,MIN,74,0.726027397260274,0.2297297297297297,1.0,2011-03-30_CHI_MIN,1
416,2015,SAS,MIN,12,0.6363636363636364,0.3,1.0,2014-11-21_SAS_MIN,1
417,2011,CHI,DET,75,0.7297297297297297,0.3513513513513513,1.0,2011-04-01_CHI_DET,1
418,2011,CHI,TOR,76,0.7333333333333333,0.2702702702702703,0.0,2011-04-02_TOR_CHI,1
419,2015,SAS,SAC,15,0.7142857142857143,0.6,0.0,2014-11-28_SAC_SAS,1
420,2011,CHI,BOS,78,0.7402597402597403,0.7012987012987013,0.0,2011-04-07_BOS_CHI,1
421,2011,CHI,CLE,79,0.7435897435897436,0.2179487179487179,1.0,2011-04-08_CHI_CLE,1
422,2011,CHI,ORL,80,0.7468354430379747,0.6329113924050633,1.0,2011-04-10_CHI_ORL,1
423,2011,CHI,NYK,81,0.75,0.525,1.0,2011-04-12_CHI_NYK,1
424,2015,SAS,PHI,17,0.75,0.0,1.0,2014-12-01_SAS_PHI,1
425,2015,SAS,BRK,18,0.7647058823529411,0.4375,1.0,2014-12-03_SAS_BRK,0
426,2011,CLE,TOR,2,1.0,0.0,1.0,2010-10-29_CLE_TOR,0
427,2015,SAS,MEM,19,0.7222222222222222,0.8333333333333334,1.0,2014-12-05_SAS_MEM,1
428,2011,CLE,SAC,3,0.5,0.5,0.0,2010-10-30_SAC_CLE,0
429,2015,SAS,MIN,20,0.7368421052631579,0.2222222222222222,0.0,2014-12-06_MIN_SAS,1
430,2015,SAS,UTA,21,0.75,0.238095238095238,1.0,2014-12-09_SAS_UTA,0
431,2011,CLE,ATL,4,0.3333333333333333,1.0,0.0,2010-11-02_ATL_CLE,0
432,2015,SAS,NYK,22,0.7142857142857143,0.1739130434782608,0.0,2014-12-10_NYK_SAS,1
433,2015,SAS,LAL,23,0.7272727272727273,0.2727272727272727,0.0,2014-12-12_LAL_SAS,0
434,2015,SAS,DEN,24,0.6956521739130435,0.4347826086956521,1.0,2014-12-14_SAS_DEN,1
435,2011,CLE,NJN,7,0.5,0.3333333333333333,1.0,2010-11-09_CLE_NJN,1
436,2011,CLE,IND,9,0.5,0.4285714285714285,0.0,2010-11-13_IND_CLE,0
437,2011,CLE,PHI,10,0.4444444444444444,0.2,0.0,2010-11-16_PHI_CLE,1
438,2015,SAS,DAL,28,0.6296296296296297,0.7037037037037037,1.0,2014-12-20_SAS_DAL,0
439,2011,CLE,NOH,11,0.5,0.9,1.0,2010-11-19_CLE_NOH,0
440,2015,SAS,LAC,29,0.6071428571428571,0.7037037037037037,0.0,2014-12-22_LAC_SAS,1
441,2015,SAS,OKC,30,0.6206896551724138,0.4482758620689655,0.0,2014-12-25_OKC_SAS,0
442,2015,SAS,NOP,31,0.6,0.5,1.0,2014-12-26_SAS_NOP,0
443,2015,SAS,HOU,32,0.5806451612903226,0.75,0.0,2014-12-28_HOU_SAS,1
444,2015,SAS,MEM,33,0.59375,0.7333333333333333,1.0,2014-12-30_SAS_MEM,0
445,2011,CLE,MIL,14,0.3846153846153846,0.3846153846153846,0.0,2010-11-24_MIL_CLE,1
446,2015,SAS,WAS,35,0.5882352941176471,0.6875,0.0,2015-01-03_WAS_SAS,1
447,2015,SAS,DET,36,0.6,0.303030303030303,0.0,2015-01-06_DET_SAS,0
448,2011,CLE,ORL,15,0.4285714285714285,0.7142857142857143,1.0,2010-11-26_CLE_ORL,0
449,2015,SAS,WAS,39,0.6052631578947368,0.6756756756756757,1.0,2015-01-13_SAS_WAS,0
450,2011,CLE,MEM,16,0.4,0.4375,0.0,2010-11-27_MEM_CLE,1
451,2015,SAS,UTA,42,0.6097560975609756,0.35,0.0,2015-01-18_UTA_SAS,1
452,2015,SAS,DEN,43,0.6190476190476191,0.4390243902439024,1.0,2015-01-20_SAS_DEN,1
453,2011,CLE,MIA,18,0.4117647058823529,0.5789473684210527,0.0,2010-12-02_MIA_CLE,0
454,2011,CLE,MIN,19,0.3888888888888889,0.2105263157894736,1.0,2010-12-04_CLE_MIN,0
455,2011,CLE,DET,20,0.3684210526315789,0.3,1.0,2010-12-05_CLE_DET,0
456,2015,SAS,MIL,46,0.6222222222222222,0.5116279069767442,0.0,2015-01-25_MIL_SAS,1
457,2011,CLE,CHI,22,0.3333333333333333,0.5789473684210527,0.0,2010-12-08_CHI_CLE,0
458,2015,SAS,LAC,48,0.6382978723404256,0.6808510638297872,0.0,2015-01-31_LAC_SAS,0
459,2011,CLE,MIA,25,0.2916666666666667,0.6923076923076923,1.0,2010-12-15_CLE_MIA,0
460,2015,SAS,ORL,49,0.625,0.2941176470588235,0.0,2015-02-04_ORL_SAS,1
461,2011,CLE,IND,26,0.28,0.4583333333333333,1.0,2010-12-17_CLE_IND,0
462,2011,CLE,NYK,27,0.2692307692307692,0.5925925925925926,0.0,2010-12-18_NYK_CLE,1
463,2011,CLE,UTA,28,0.2962962962962963,0.6785714285714286,0.0,2010-12-20_UTA_CLE,0
464,2015,SAS,MIA,50,0.6326530612244898,0.4285714285714285,0.0,2015-02-06_MIA_SAS,1
465,2011,CLE,ATL,29,0.2857142857142857,0.6,1.0,2010-12-22_CLE_ATL,0
466,2011,CLE,MIN,30,0.2758620689655172,0.2,0.0,2010-12-26_MIN_CLE,0
467,2011,CLE,ORL,31,0.2666666666666666,0.6129032258064516,0.0,2010-12-28_ORL_CLE,0
468,2011,CLE,CHA,32,0.2580645161290322,0.3448275862068966,1.0,2010-12-29_CLE_CHA,0
469,2011,CLE,CHI,33,0.25,0.6774193548387096,1.0,2011-01-01_CLE_CHI,0
470,2011,CLE,TOR,35,0.2352941176470588,0.3235294117647059,0.0,2011-01-05_TOR_CLE,0
471,2015,SAS,IND,52,0.6274509803921569,0.3846153846153846,1.0,2015-02-09_SAS_IND,1
472,2015,SAS,DET,53,0.6346153846153846,0.3962264150943396,1.0,2015-02-11_SAS_DET,1
473,2011,CLE,GSW,36,0.2285714285714285,0.4,1.0,2011-01-07_CLE_GSW,0
474,2011,CLE,LAL,38,0.2162162162162162,0.7105263157894737,1.0,2011-01-11_CLE_LAL,0
475,2015,SAS,UTA,56,0.6181818181818182,0.3703703703703703,1.0,2015-02-23_SAS_UTA,0
476,2015,SAS,POR,57,0.6071428571428571,0.6545454545454545,1.0,2015-02-25_SAS_POR,0
477,2011,CLE,UTA,39,0.2105263157894736,0.6666666666666666,1.0,2011-01-14_CLE_UTA,0
478,2015,SAS,SAC,58,0.5964912280701754,0.3636363636363636,1.0,2015-02-27_SAS_SAC,1
479,2011,CLE,DEN,40,0.2051282051282051,0.5789473684210527,1.0,2011-01-15_CLE_DEN,0
480,2011,CLE,MIL,42,0.1951219512195122,0.3846153846153846,0.0,2011-01-21_MIL_CLE,0
481,2015,SAS,PHO,59,0.603448275862069,0.5254237288135594,1.0,2015-02-28_SAS_PHO,1
482,2015,SAS,DEN,61,0.6166666666666667,0.360655737704918,0.0,2015-03-06_DEN_SAS,1
483,2011,CLE,NJN,44,0.1860465116279069,0.2727272727272727,1.0,2011-01-24_CLE_NJN,0
484,2015,SAS,CHI,62,0.6229508196721312,0.6190476190476191,0.0,2015-03-08_CHI_SAS,1
485,2011,CLE,BOS,45,0.1818181818181818,0.7674418604651163,1.0,2011-01-25_CLE_BOS,0
486,2015,SAS,NYK,66,0.6307692307692307,0.1969696969696969,1.0,2015-03-17_SAS_NYK,0
487,2015,SAS,MIL,67,0.6212121212121212,0.5074626865671642,1.0,2015-03-18_SAS_MIL,1
488,2011,CLE,ORL,47,0.1739130434782608,0.6382978723404256,1.0,2011-01-30_CLE_ORL,0
489,2015,SAS,ATL,69,0.6323529411764706,0.7681159420289855,1.0,2015-03-22_SAS_ATL,1
490,2011,CLE,MIA,48,0.1702127659574468,0.7021276595744681,1.0,2011-01-31_CLE_MIA,0
491,2015,SAS,OKC,71,0.6285714285714286,0.5774647887323944,0.0,2015-03-25_OKC_SAS,1
492,2011,CLE,MEM,50,0.1632653061224489,0.52,1.0,2011-02-04_CLE_MEM,0
493,2015,SAS,DAL,72,0.6338028169014085,0.625,0.0,2015-03-27_DAL_SAS,1
494,2011,CLE,POR,51,0.16,0.52,0.0,2011-02-05_POR_CLE,0
495,2011,CLE,DAL,52,0.1568627450980392,0.7,1.0,2011-02-07_CLE_DAL,0
496,2015,SAS,MIA,74,0.6438356164383562,0.4657534246575342,1.0,2015-03-31_SAS_MIA,1
497,2011,CLE,DET,53,0.1538461538461538,0.3653846153846153,0.0,2011-02-09_DET_CLE,0
498,2015,SAS,DEN,76,0.6533333333333333,0.3733333333333333,0.0,2015-04-03_DEN_SAS,1
499,2015,SAS,GSW,77,0.6578947368421053,0.8289473684210527,0.0,2015-04-05_GSW_SAS,1
500,2011,CLE,LAL,56,0.1636363636363636,0.6785714285714286,0.0,2011-02-16_LAL_CLE,1
501,2015,SAS,OKC,78,0.6623376623376623,0.5454545454545454,1.0,2015-04-07_SAS_OKC,1
502,2011,CLE,HOU,57,0.1785714285714285,0.4655172413793103,0.0,2011-02-23_HOU_CLE,0
503,2011,CLE,NYK,58,0.175438596491228,0.5272727272727272,0.0,2011-02-25_NYK_CLE,1
504,2015,SAS,HOU,80,0.6708860759493671,0.6794871794871795,1.0,2015-04-10_SAS_HOU,1
505,2011,CLE,PHI,59,0.1896551724137931,0.5,0.0,2011-02-27_PHI_CLE,0
506,2015,SAS,PHO,81,0.675,0.4875,0.0,2015-04-12_PHO_SAS,1
507,2011,CLE,NYK,61,0.1833333333333333,0.5254237288135594,1.0,2011-03-04_CLE_NYK,1
508,2011,CLE,NOH,62,0.1967213114754098,0.5625,0.0,2011-03-06_NOH_CLE,0
509,2011,CLE,GSW,63,0.1935483870967742,0.4354838709677419,0.0,2011-03-08_GSW_CLE,0
510,2015,SAS,NOP,82,0.6790123456790124,0.5432098765432098,1.0,2015-04-15_SAS_NOP,0
511,2011,CLE,OKC,65,0.1875,0.640625,0.0,2011-03-13_OKC_CLE,0
512,2015,TOR,MIA,3,1.0,1.0,1.0,2014-11-02_TOR_MIA,0
513,2011,CLE,POR,67,0.1969696969696969,0.5671641791044776,1.0,2011-03-17_CLE_POR,0
514,2015,TOR,OKC,4,0.6666666666666666,0.25,0.0,2014-11-04_OKC_TOR,1
515,2015,TOR,WAS,6,0.8,0.8,0.0,2014-11-07_WAS_TOR,1
516,2011,CLE,ORL,69,0.1911764705882352,0.6285714285714286,0.0,2011-03-21_ORL_CLE,0
517,2011,CLE,NJN,70,0.1884057971014492,0.3188405797101449,0.0,2011-03-23_NJN_CLE,0
518,2015,TOR,PHI,7,0.8333333333333334,0.0,0.0,2014-11-09_PHI_TOR,1
519,2011,CLE,DET,71,0.1857142857142857,0.352112676056338,0.0,2011-03-25_DET_CLE,1
520,2015,TOR,CHI,9,0.875,0.75,0.0,2014-11-13_CHI_TOR,0
521,2011,CLE,ATL,72,0.1971830985915492,0.5616438356164384,0.0,2011-03-27_ATL_CLE,0
522,2011,CLE,MIA,73,0.1944444444444444,0.6986301369863014,0.0,2011-03-29_MIA_CLE,1
523,2011,CLE,CHA,74,0.2054794520547945,0.4246575342465753,1.0,2011-03-30_CLE_CHA,0
524,2015,TOR,UTA,10,0.7777777777777778,0.4,0.0,2014-11-15_UTA_TOR,1
525,2015,TOR,MEM,11,0.8,0.9090909090909092,0.0,2014-11-19_MEM_TOR,1
526,2011,CLE,WAS,75,0.2027027027027027,0.2432432432432432,1.0,2011-04-01_CLE_WAS,0
527,2011,CLE,NYK,76,0.2,0.4933333333333333,1.0,2011-04-03_CLE_NYK,0
528,2015,TOR,CLE,13,0.8333333333333334,0.4545454545454545,1.0,2014-11-22_TOR_CLE,1
529,2011,CLE,CHA,77,0.1973684210526315,0.4210526315789473,0.0,2011-04-05_CHA_CLE,1
530,2011,CLE,TOR,78,0.2077922077922078,0.2727272727272727,1.0,2011-04-06_CLE_TOR,1
531,2015,TOR,DAL,16,0.8666666666666667,0.6875,0.0,2014-11-28_DAL_TOR,0
532,2015,TOR,LAL,17,0.8125,0.1875,1.0,2014-11-30_TOR_LAL,0
533,2011,CLE,CHI,79,0.2179487179487179,0.7435897435897436,0.0,2011-04-08_CHI_CLE,0
534,2015,TOR,SAC,18,0.7647058823529411,0.5294117647058824,1.0,2014-12-02_TOR_SAC,1
535,2015,TOR,UTA,19,0.7777777777777778,0.2777777777777778,1.0,2014-12-03_TOR_UTA,1
536,2015,TOR,DEN,21,0.75,0.45,0.0,2014-12-08_DEN_TOR,1
537,2015,TOR,CLE,22,0.7619047619047619,0.631578947368421,1.0,2014-12-09_TOR_CLE,0
538,2015,TOR,IND,23,0.7272727272727273,0.3181818181818182,0.0,2014-12-12_IND_TOR,1
539,2015,TOR,NYK,24,0.7391304347826086,0.2,1.0,2014-12-14_TOR_NYK,1
540,2015,TOR,DET,27,0.7692307692307693,0.1923076923076923,1.0,2014-12-19_TOR_DET,1
541,2015,TOR,NYK,28,0.7777777777777778,0.1724137931034483,0.0,2014-12-21_NYK_TOR,1
542,2015,TOR,CHI,29,0.7857142857142857,0.6538461538461539,1.0,2014-12-22_TOR_CHI,0
543,2011,CLE,DET,81,0.2125,0.3625,1.0,2011-04-11_CLE_DET,1
544,2011,CLE,WAS,82,0.2222222222222222,0.2839506172839506,0.0,2011-04-13_WAS_CLE,1
545,2011,DAL,MEM,2,1.0,0.0,0.0,2010-10-29_MEM_DAL,0
546,2011,DAL,LAC,3,0.5,0.0,1.0,2010-10-31_DAL_LAC,1
547,2011,DAL,DEN,4,0.6666666666666666,0.6666666666666666,1.0,2010-11-03_DAL_DEN,1
548,2011,DAL,DEN,5,0.75,0.6,0.0,2010-11-06_DEN_DAL,0
549,2011,DAL,MEM,7,0.6666666666666666,0.5,1.0,2010-11-10_DAL_MEM,1
550,2011,DAL,NOH,9,0.75,1.0,0.0,2010-11-15_NOH_DAL,1
551,2011,DAL,NOH,10,0.7777777777777778,0.8888888888888888,1.0,2010-11-17_DAL_NOH,0
552,2011,DAL,MIA,16,0.7333333333333333,0.5625,0.0,2010-11-27_MIA_DAL,1
553,2015,TOR,LAC,30,0.7586206896551724,0.6666666666666666,1.0,2014-12-27_TOR_LAC,1
554,2015,TOR,DEN,31,0.7666666666666667,0.4333333333333333,1.0,2014-12-28_TOR_DEN,1
555,2011,DAL,UTA,19,0.7777777777777778,0.75,1.0,2010-12-03_DAL_UTA,1
556,2015,TOR,POR,32,0.7741935483870968,0.78125,1.0,2014-12-30_TOR_POR,0
557,2011,DAL,SAC,20,0.7894736842105263,0.2352941176470588,1.0,2010-12-04_DAL_SAC,1
558,2011,DAL,GSW,21,0.8,0.4,0.0,2010-12-07_GSW_DAL,1
559,2015,TOR,GSW,33,0.75,0.8333333333333334,1.0,2015-01-02_TOR_GSW,0
560,2011,DAL,NJN,22,0.8095238095238095,0.2727272727272727,0.0,2010-12-09_NJN_DAL,1
561,2015,TOR,PHO,34,0.7272727272727273,0.5428571428571428,1.0,2015-01-04_TOR_PHO,0
562,2011,DAL,MIL,24,0.8260869565217391,0.4090909090909091,0.0,2010-12-13_MIL_DAL,0
563,2015,TOR,BOS,36,0.6857142857142857,0.3529411764705882,0.0,2015-01-10_BOS_TOR,1
564,2015,TOR,DET,37,0.6944444444444444,0.3513513513513513,0.0,2015-01-12_DET_TOR,0
565,2011,DAL,PHO,26,0.8,0.5,0.0,2010-12-17_PHO_DAL,1
566,2015,TOR,PHI,38,0.6756756756756757,0.1891891891891892,0.0,2015-01-14_PHI_TOR,1
567,2011,DAL,MIA,27,0.8076923076923077,0.7241379310344828,1.0,2010-12-20_DAL_MIA,1
568,2015,TOR,ATL,39,0.6842105263157895,0.7948717948717948,0.0,2015-01-16_ATL_TOR,0
569,2011,DAL,ORL,28,0.8148148148148148,0.5925925925925926,1.0,2010-12-21_DAL_ORL,1
570,2015,TOR,NOP,40,0.6666666666666666,0.4871794871794871,0.0,2015-01-18_NOP_TOR,0
571,2011,DAL,OKC,29,0.8214285714285714,0.6774193548387096,1.0,2010-12-27_DAL_OKC,1
572,2015,TOR,MIL,41,0.65,0.525,1.0,2015-01-19_TOR_MIL,1
573,2015,TOR,MEM,42,0.6585365853658537,0.7073170731707317,1.0,2015-01-21_TOR_MEM,0
574,2011,DAL,TOR,30,0.8275862068965517,0.3333333333333333,0.0,2010-12-28_TOR_DAL,0
575,2015,TOR,PHI,43,0.6428571428571429,0.1904761904761904,1.0,2015-01-23_TOR_PHI,1
576,2011,DAL,SAS,31,0.8,0.8709677419354839,0.0,2010-12-30_SAS_DAL,0
577,2015,TOR,DET,44,0.6511627906976745,0.3863636363636363,0.0,2015-01-25_DET_TOR,1
578,2011,DAL,MIL,32,0.7741935483870968,0.4,1.0,2011-01-01_DAL_MIL,0
579,2015,TOR,IND,45,0.6590909090909091,0.3478260869565217,1.0,2015-01-27_TOR_IND,1
580,2011,DAL,POR,34,0.7575757575757576,0.5294117647058824,0.0,2011-01-04_POR_DAL,1
581,2015,TOR,SAC,46,0.6666666666666666,0.3720930232558139,0.0,2015-01-28_SAC_TOR,1
582,2015,TOR,WAS,48,0.6808510638297872,0.6595744680851063,1.0,2015-01-31_TOR_WAS,1
583,2011,DAL,IND,37,0.7222222222222222,0.4285714285714285,1.0,2011-01-12_DAL_IND,0
584,2011,DAL,SAS,38,0.7027027027027027,0.8461538461538461,1.0,2011-01-14_DAL_SAS,0
585,2011,DAL,MEM,39,0.6842105263157895,0.4615384615384615,1.0,2011-01-15_DAL_MEM,0
586,2011,DAL,DET,40,0.6666666666666666,0.35,1.0,2011-01-17_DAL_DET,0
587,2011,DAL,LAL,41,0.65,0.7209302325581395,0.0,2011-01-19_LAL_DAL,1
588,2011,DAL,CHI,42,0.6585365853658537,0.6666666666666666,1.0,2011-01-20_DAL_CHI,0
589,2015,TOR,ATL,54,0.6792452830188679,0.7962962962962963,1.0,2015-02-20_TOR_ATL,1
590,2011,DAL,NJN,43,0.6428571428571429,0.2790697674418604,1.0,2011-01-22_DAL_NJN,1
591,2011,DAL,LAC,44,0.6511627906976745,0.3953488372093023,0.0,2011-01-25_LAC_DAL,1
592,2015,TOR,NOP,56,0.6727272727272727,0.509090909090909,1.0,2015-02-23_TOR_NOP,0
593,2011,DAL,HOU,45,0.6590909090909091,0.4680851063829787,0.0,2011-01-27_HOU_DAL,1
594,2015,TOR,DAL,57,0.6607142857142857,0.6551724137931034,1.0,2015-02-24_TOR_DAL,0
595,2011,DAL,ATL,46,0.6666666666666666,0.6382978723404256,0.0,2011-01-29_ATL_DAL,1
596,2015,TOR,GSW,58,0.6491228070175439,0.8,0.0,2015-02-27_GSW_TOR,0
597,2011,DAL,WAS,47,0.6739130434782609,0.2826086956521739,0.0,2011-01-31_WAS_DAL,1
598,2015,TOR,NYK,59,0.6379310344827587,0.1929824561403508,1.0,2015-02-28_TOR_NYK,0
599,2011,DAL,NYK,48,0.6808510638297872,0.5319148936170213,1.0,2011-02-02_DAL_NYK,1
600,2015,TOR,PHI,60,0.6271186440677966,0.2203389830508474,1.0,2015-03-02_TOR_PHI,1
601,2011,DAL,BOS,49,0.6875,0.7708333333333334,1.0,2011-02-04_DAL_BOS,1
602,2015,TOR,CLE,61,0.6333333333333333,0.6129032258064516,0.0,2015-03-04_CLE_TOR,0
603,2011,DAL,CHA,50,0.6938775510204082,0.4285714285714285,1.0,2011-02-05_DAL_CHA,1
604,2011,DAL,CLE,51,0.7,0.1568627450980392,0.0,2011-02-07_CLE_DAL,1
605,2015,TOR,IND,67,0.5909090909090909,0.4615384615384615,1.0,2015-03-16_TOR_IND,1
606,2011,DAL,PHO,56,0.7090909090909091,0.5094339622641509,1.0,2011-02-17_DAL_PHO,1
607,2011,DAL,UTA,57,0.7142857142857143,0.543859649122807,0.0,2011-02-23_UTA_DAL,1
608,2015,TOR,CHI,69,0.6029411764705882,0.5942028985507246,1.0,2015-03-20_TOR_CHI,0
609,2011,DAL,TOR,59,0.7241379310344828,0.2711864406779661,1.0,2011-02-27_DAL_TOR,1
610,2015,TOR,DET,71,0.6,0.3714285714285714,1.0,2015-03-24_TOR_DET,0
611,2015,TOR,CHI,72,0.5915492957746479,0.5972222222222222,0.0,2015-03-25_CHI_TOR,0
612,2011,DAL,IND,61,0.7333333333333333,0.45,0.0,2011-03-04_IND_DAL,1
613,2015,TOR,HOU,74,0.589041095890411,0.684931506849315,0.0,2015-03-30_HOU_TOR,1
614,2011,DAL,MEM,62,0.7377049180327869,0.5396825396825397,0.0,2011-03-06_MEM_DAL,0
615,2015,TOR,BRK,76,0.6,0.4594594594594595,1.0,2015-04-03_TOR_BRK,0
616,2011,DAL,NOH,64,0.7301587301587301,0.5606060606060606,1.0,2011-03-09_DAL_NOH,0
617,2011,DAL,NYK,65,0.71875,0.5396825396825397,0.0,2011-03-10_NYK_DAL,1
618,2015,TOR,BOS,77,0.5921052631578947,0.4473684210526316,0.0,2015-04-04_BOS_TOR,0
619,2011,DAL,LAL,66,0.7230769230769231,0.696969696969697,0.0,2011-03-12_LAL_DAL,0
620,2011,DAL,POR,67,0.7121212121212122,0.5606060606060606,1.0,2011-03-15_DAL_POR,0
621,2015,TOR,ORL,79,0.5897435897435898,0.3205128205128205,1.0,2015-04-10_TOR_ORL,1
622,2011,DAL,GSW,68,0.7014925373134329,0.4477611940298507,1.0,2011-03-16_DAL_GSW,1
623,2011,DAL,SAS,69,0.7058823529411765,0.8059701492537313,0.0,2011-03-18_SAS_DAL,0
624,2011,DAL,MIN,71,0.7,0.2394366197183098,0.0,2011-03-24_MIN_DAL,1
625,2015,UTA,DAL,2,0.0,0.0,1.0,2014-10-30_UTA_DAL,0
626,2015,UTA,LAC,4,0.3333333333333333,0.6666666666666666,1.0,2014-11-03_UTA_LAC,0
627,2015,UTA,CLE,5,0.25,0.3333333333333333,0.0,2014-11-05_CLE_UTA,1
628,2011,DAL,LAL,75,0.7162162162162162,0.726027397260274,1.0,2011-03-31_DAL_LAL,0
629,2015,UTA,IND,8,0.4285714285714285,0.1428571428571428,1.0,2014-11-10_UTA_IND,0
630,2011,DAL,DEN,78,0.6883116883116883,0.6103896103896104,0.0,2011-04-06_DEN_DAL,0
631,2015,UTA,NYK,10,0.3333333333333333,0.2222222222222222,1.0,2014-11-14_UTA_NYK,1
632,2011,DAL,PHO,80,0.6835443037974683,0.4810126582278481,0.0,2011-04-10_PHO_DAL,1
633,2015,UTA,TOR,11,0.4,0.7777777777777778,1.0,2014-11-15_UTA_TOR,0
634,2015,UTA,OKC,12,0.3636363636363636,0.2727272727272727,0.0,2014-11-18_OKC_UTA,1
635,2011,DAL,NOH,82,0.691358024691358,0.5679012345679012,0.0,2011-04-13_NOH_DAL,1
636,2015,UTA,NOP,14,0.3846153846153846,0.5454545454545454,0.0,2014-11-22_NOP_UTA,0
637,2011,DEN,DAL,4,0.6666666666666666,0.6666666666666666,0.0,2010-11-03_DAL_DEN,0
638,2015,UTA,OKC,16,0.3333333333333333,0.2,1.0,2014-11-26_UTA_OKC,0
639,2011,DEN,LAC,5,0.5,0.2,0.0,2010-11-05_LAC_DEN,1
640,2011,DEN,DAL,6,0.6,0.75,1.0,2010-11-06_DEN_DAL,1
641,2011,DEN,CHI,7,0.6666666666666666,0.4,1.0,2010-11-08_DEN_CHI,0
642,2015,UTA,TOR,19,0.2777777777777778,0.7777777777777778,0.0,2014-12-03_TOR_UTA,0
643,2011,DEN,IND,8,0.5714285714285714,0.4,1.0,2010-11-09_DEN_IND,0
644,2015,UTA,ORL,20,0.2631578947368421,0.3333333333333333,0.0,2014-12-05_ORL_UTA,0
645,2011,DEN,LAL,9,0.5,1.0,0.0,2010-11-11_LAL_DEN,1
646,2011,DEN,PHO,10,0.5555555555555556,0.5555555555555556,1.0,2010-11-15_DEN_PHO,0
647,2015,UTA,SAS,22,0.238095238095238,0.75,0.0,2014-12-09_SAS_UTA,1
648,2011,DEN,NYK,11,0.5,0.3,0.0,2010-11-16_NYK_DEN,1
649,2011,DEN,POR,12,0.5454545454545454,0.5833333333333334,1.0,2010-11-18_DEN_POR,0
650,2015,UTA,NOP,25,0.25,0.4782608695652174,1.0,2014-12-16_UTA_NOP,0
651,2011,DEN,NJN,13,0.5,0.3333333333333333,0.0,2010-11-20_NJN_DEN,1
652,2015,UTA,MIA,26,0.24,0.48,1.0,2014-12-17_UTA_MIA,1
653,2015,UTA,ORL,27,0.2692307692307692,0.3571428571428571,1.0,2014-12-19_UTA_ORL,1
654,2011,DEN,PHO,16,0.6,0.5,0.0,2010-11-28_PHO_DEN,1
655,2011,DEN,MIL,17,0.625,0.3529411764705882,0.0,2010-12-01_MIL_DEN,1
656,2011,DEN,LAC,18,0.6470588235294118,0.2105263157894736,0.0,2010-12-03_LAC_DEN,1
657,2015,UTA,PHI,30,0.3103448275862069,0.1428571428571428,0.0,2014-12-27_PHI_UTA,1
658,2011,DEN,MEM,19,0.6666666666666666,0.4,0.0,2010-12-05_MEM_DEN,1
659,2011,DEN,CHA,20,0.6842105263157895,0.35,1.0,2010-12-07_DEN_CHA,0
660,2011,DEN,BOS,21,0.65,0.8,1.0,2010-12-08_DEN_BOS,0
661,2015,UTA,ATL,33,0.34375,0.7419354838709677,0.0,2015-01-02_ATL_UTA,0
662,2011,DEN,TOR,22,0.6190476190476191,0.3636363636363636,1.0,2010-12-10_DEN_TOR,1
663,2015,UTA,MIN,34,0.3333333333333333,0.1612903225806451,1.0,2015-01-03_UTA_MIN,1
664,2011,DEN,NYK,23,0.6363636363636364,0.625,1.0,2010-12-12_DEN_NYK,0
665,2015,UTA,IND,35,0.3529411764705882,0.3714285714285714,0.0,2015-01-05_IND_UTA,0
666,2011,DEN,ORL,24,0.6086956521739131,0.6666666666666666,0.0,2010-12-14_ORL_DEN,1
667,2015,UTA,CHI,36,0.3428571428571428,0.7142857142857143,1.0,2015-01-07_UTA_CHI,1
668,2011,DEN,SAS,25,0.625,0.875,0.0,2010-12-16_SAS_DEN,0
669,2015,UTA,OKC,37,0.3611111111111111,0.4722222222222222,1.0,2015-01-09_UTA_OKC,0
